run_time,.github/workflows/comment-deployment-plan-pr.yaml,.github/workflows/doc-links.yml,.github/workflows/deploy-hubs.yaml,.github/workflows/comment-pending-deployment-info.yaml,.github/workflows/terraform-lint.yaml,.github/workflows/validate-clusters.yaml,.github/workflows/comment-test-link-merged-pr.yaml
2023-06-13 00:00:00+00:00,2.0,1.0,0.0,0.0,0.0,0.0,0.0
2023-06-14 00:00:00+00:00,0.0,1.0,0.0,0.0,0.0,0.0,0.0
2023-06-15 00:00:00+00:00,0.0,1.0,0.0,0.0,0.0,0.0,0.0
2023-06-16 00:00:00+00:00,0.0,1.0,0.0,0.0,0.0,0.0,1.0
2023-06-17 00:00:00+00:00,0.0,1.0,0.0,0.0,0.0,0.0,0.0
2023-06-18 00:00:00+00:00,0.0,1.0,0.0,0.0,0.0,0.0,0.0
2023-06-19 00:00:00+00:00,6.0,1.0,1.0,0.0,1.0,3.0,2.0
2023-06-20 00:00:00+00:00,10.0,1.0,2.0,1.0,1.0,1.0,0.0
2023-06-21 00:00:00+00:00,20.0,1.0,5.0,0.0,0.0,0.0,0.0
2023-06-22 00:00:00+00:00,1.0,1.0,1.0,0.0,0.0,0.0,0.0
